OBJECTID,LAD11CD,LAD11CDO,LAD11NM,LAD11NMW,Shape__Area,Shape__Length,GlobalID
1,E06000001,00EB,Hartlepool, ,93892900.8510132,68996.6777540123,7d4607df-85c0-4152-bf23-92845a6f36b5
2,E06000002,00EC,Middlesbrough, ,53861837.2774811,44917.9255372842,e1a0ac65-bdf2-4c96-906c-a7163c98838a
3,E06000003,00EE,Redcar and Cleveland, ,244915894.654129,93270.8668738218,bc34e0a6-bc28-4d07-9fa7-fa82c8941109
4,E06000004,00EF,Stockton-on-Tees, ,203920096.638489,155579.742598818,dbdf2f7c-41e8-464e-a03f-65adbf5a27d8
5,E06000005,00EH,Darlington, ,197473286.069702,105743.46466193,d8cfb51b-b49d-4287-aff6-a3e1fa059b96
6,E06000006,00ET,Halton, ,79115070.0012512,76288.3547700665,97843335-7aa6-4b61-905a-d85f35fba5b0
7,E06000007,00EU,Warrington, ,180652645.829292,106289.970177048,7b76cf31-cff2-4061-a0c0-5292af8bc91b
8,E06000008,00EX,Blackburn with Darwen, ,137057234.488739,63751.4015054862,daaf1650-5ed1-497f-a5bd-746be92e44e1
9,E06000009,00EY,Blackpool, ,34891755.4624786,34572.6452215079,3b1b5a02-80f0-4379-b3f0-bf35642c2d4f
10,E06000010,00FA,"Kingston upon Hull, City of", ,71455741.2118988,63330.1723660189,bd2a74ef-57a6-4705-b1dd-52a66809679b
11,E06000011,00FB,East Riding of Yorkshire, ,2408942336.18042,495348.766327624,ca2259ea-f295-46ce-ab7f-4e9dee78c953
12,E06000012,00FC,North East Lincolnshire, ,191914615.958679,85106.7183835362,4ee87995-1ba8-4fbc-81e7-56c84a5965ba
13,E06000013,00FD,North Lincolnshire, ,846326949.076736,237739.686396023,6b39a665-d28a-4e1d-bed2-ada8b796a9c2
14,E06000014,00FF,York, ,271945015.860031,100454.889225333,48c70eb1-c7b5-45a5-9aa0-9a73e70331d4
15,E06000015,00FK,Derby, ,78022285.8275299,49198.665320313,ded9eb3e-ba9c-4e6c-a39c-29bf627d8652
16,E06000016,00FN,Leicester, ,73382201.5816422,50738.6446608344,707c3680-73fd-4d58-bf87-857aa0316b68
17,E06000017,00FP,Rutland, ,393746478.460022,120281.135192068,ee1cfb4f-bc25-4274-b08b-2d608ba9617e
18,E06000018,00FY,Nottingham, ,74604857.4524994,58004.1836632596,9f7b3a9d-bea9-46b0-a9ca-148dbc86edb5
19,E06000019,00GA,"Herefordshire, County of", ,2179713133.72356,338445.332835416,88fb2f2f-2625-433c-b6ad-e8e61008cbd4
20,E06000020,00GF,Telford and Wrekin, ,290320757.030365,115372.502485487,6a9d44bb-7554-4c23-b9d2-650ececddf83
21,E06000021,00GL,Stoke-on-Trent, ,93416772.9840317,62210.6329831188,ced6bc13-84cc-4c81-a4cf-8322a38a914b
22,E06000022,00HA,Bath and North East Somerset, ,351163412.84198,137362.663267157,ab835f98-2758-4bdd-9611-28838b40f265
23,E06000023,00HB,"Bristol, City of", ,109629006.568405,106292.438077697,0498d8ed-2cee-4a59-ab02-77ec6fd948cc
24,E06000024,00HC,North Somerset, ,374674916.210796,148543.704395558,c9586c96-e71b-41e2-8b8a-804d3dad4ab3
25,E06000025,00HD,South Gloucestershire, ,496948115.060883,138531.075653317,948c770b-b193-4591-a3bb-5d2e17ad0104
26,E06000026,00HG,Plymouth, ,79829488.1451178,88154.9753374236,46afaf79-a14a-4901-b8fb-d2d2b0c6940d
27,E06000027,00HH,Torbay, ,62933928.8271179,73386.5242724087,68bf77e7-8227-4e2e-a06e-eccb6d91269d
28,E06000028,00HN,Bournemouth, ,46203186.2160263,47049.4714656075,13e1c552-e024-4bd7-84d1-ce96ecb8e08f
29,E06000029,00HP,Poole, ,64741280.0451546,69299.1925074883,75773f94-e823-441f-8a4c-e9e8dc55021c
30,E06000030,00HX,Swindon, ,230094937.354652,99597.2465475278,59e77526-7869-4c47-a726-2c572278fa14
31,E06000031,00JA,Peterborough, ,343421971.179108,111026.368764183,2b4db2c9-846e-410f-8027-0339bbaaa623
32,E06000032,00KA,Luton, ,43359023.2348557,34269.1191058226,686c7862-d3a4-4768-add5-b8a7c89191b5
33,E06000033,00KF,Southend-on-Sea, ,41751915.380249,42064.7783012467,4018efee-839c-4b3f-afeb-63afddf42437
34,E06000034,00KG,Thurrock, ,163302842.09053,91844.9287368623,d5526ab8-2ead-48f4-b19d-cb1d5f3ff082
35,E06000035,00LC,Medway, ,191973955.173782,160836.686018419,5c5e9eca-812d-40f7-b4c5-a4b3a5d0fa8e
36,E06000036,00MA,Bracknell Forest, ,109344955.262024,61832.246718042,3b0e1ad5-6659-4681-9158-f47d2e92c504
37,E06000037,00MB,West Berkshire, ,704150827.523346,163462.74305286,22f611c0-be37-4281-abbf-fb3710c4539a
38,E06000038,00MC,Reading, ,40384051.4880905,38621.0607455922,143ba108-a25a-4a41-b328-2604a5f3645a
39,E06000039,00MD,Slough, ,32534133.17939,43424.3611525277,ab2ac0ae-5e36-45d0-ae68-582e4c35a1d9
40,E06000040,00ME,Windsor and Maidenhead, ,198431787.801254,113816.714264092,cebf72a7-81db-4c3d-8a62-dc3d31a5569d
41,E06000041,00MF,Wokingham, ,178975958.901108,85666.2454110209,65d5259e-3106-4e39-8767-3824ce4411bc
42,E06000042,00MG,Milton Keynes, ,308636540.984428,100993.493738674,0617ff36-001e-4f57-ab37-6b7406208288
43,E06000043,00ML,Brighton and Hove, ,82694361.5689354,58553.4811312292,04aae27b-7b46-4b88-b57b-f7eda3608d8a
44,E06000044,00MR,Portsmouth, ,40390063.7517433,58011.7381213813,a1c3374e-0348-4d10-b189-66daf0d4c0e8
45,E06000045,00MS,Southampton, ,49888738.3761902,57218.689310847,cf6560cf-5641-4b2e-b7e7-00216602626b
46,E06000046,00MW,Isle of Wight, ,380210663.211939,181426.124839517,37fc1256-8f80-4f22-893d-227f310729ec
47,E06000047,00EJ,County Durham, ,2231584310.54103,309646.039636685,e76fef42-d9dd-49de-a476-f971677bffa8
48,E06000048,00EM,Northumberland, ,5026236356.37914,565427.825406846,9ad1c051-a1b5-4c39-9269-4982a1c1261b
49,E06000049,00EQ,Cheshire East, ,1166348338.66063,289476.545725467,e1057bbe-90bb-4f2b-89a3-5568e27950cd
50,E06000050,00EW,Cheshire West and Chester, ,916645818.876053,296972.967987336,64028629-634b-46fa-ba94-d61dcfe4afa2
51,E06000051,00GG,Shropshire, ,3197394453.39314,558112.393573982,b9688081-7e92-4182-a48f-5236fb93da7e
52,E06000052,00HE,Cornwall, ,3549737363.90106,1097048.16346499,b58c99d0-54ca-4e8d-94f4-496fca9b5f96
53,E06000053,00HF,Isles of Scilly, ,16427204.3355048,105412.835273133,61342a9e-d05c-4635-bacc-4ff9c0b3372e
54,E06000054,00HY,Wiltshire, ,3255357312.01102,394496.644768498,b4b40cf9-14b9-49d7-ae94-a84233c82e07
55,E06000055,00KB,Bedford, ,476384480.590279,129949.149945731,4431771c-6d99-4e86-9dab-73efc5bcc572
56,E06000056,00KC,Central Bedfordshire, ,715582642.567558,229138.188632878,19113845-080b-4a4f-a82c-dda96fd35736
57,E07000004,11UB,Aylesbury Vale, ,902705884.905411,237391.706323195,41623af4-4dc4-4f95-8552-891b19796423
58,E07000005,11UC,Chiltern, ,196385643.238129,86108.613603246,c6bacb8a-388c-4c6b-88fc-61cc08c01f7b
59,E07000006,11UE,South Bucks, ,141268553.331314,83950.816635323,ccf01db9-c9b9-42d3-bb6a-412670950d27
60,E07000007,11UF,Wycombe, ,324625758.790138,111670.065662668,46354e54-15b3-44b8-82d9-4bb3cd9974b0
61,E07000008,12UB,Cambridge, ,40705199.1592712,36894.9909063776,c465b41b-ad88-414b-a611-46a35a14534e
62,E07000009,12UC,East Cambridgeshire, ,651337043.641205,231624.497015052,8677f156-8a22-4f75-a3d4-e870df2ff161
63,E07000010,12UD,Fenland, ,546479151.325363,186330.376390572,a1c3e0cb-0b86-4ba3-919d-cfc02875e732
64,E07000011,12UE,Huntingdonshire, ,912569256.902092,220750.503743833,8f54edfb-69a0-4500-baa5-dd3d4790ffb3
65,E07000012,12UG,South Cambridgeshire, ,901696897.142502,254495.868181887,235699b5-9f02-4940-93d4-aee795cee7ad
66,E07000026,16UB,Allerdale, ,1257839241.41908,323825.104868688,4b8e6476-768e-4cb2-92cc-8e4b31dbc979
67,E07000027,16UC,Barrow-in-Furness, ,77938160.9130707,115356.972016826,8bac39a2-ccaa-4191-a30d-83f20ef34146
68,E07000028,16UD,Carlisle, ,1039207963.00273,268186.596017102,98e496db-657d-43f1-a239-c42ddd2ee3cc
69,E07000029,16UE,Copeland, ,737691468.182373,226041.025044854,5925eeb9-1443-47f6-bf1f-729adaf72a76
70,E07000030,16UF,Eden, ,2156542966.95766,264029.245113222,85887967-659b-4eaa-8656-2b1f9f3aaeb9
71,E07000031,16UG,South Lakeland, ,1552924376.44905,373336.905276408,8874a20e-d461-4137-8a10-1e10594952e0
72,E07000032,17UB,Amber Valley, ,265400532.637314,103844.59802935,08f3196a-bbf2-4421-be39-06ffd9476a81
73,E07000033,17UC,Bolsover, ,160352012.63237,92989.1026054786,f4b558f6-26fd-475d-9146-07b85e0f174e
74,E07000034,17UD,Chesterfield, ,66029547.5979462,51096.1871725863,751b34c1-9cc2-48ed-987f-3d67f7689f91
75,E07000035,17UF,Derbyshire Dales, ,795432800.169189,237509.512861737,58683aea-3cb4-494c-8d10-e2d848597ce5
76,E07000036,17UG,Erewash, ,109642548.020432,71601.2548384558,89f824b5-09a6-41c6-93b4-9b216646bac3
77,E07000037,17UH,High Peak, ,540226425.408463,156420.062741097,e61f4488-cfbb-428e-9cd5-9292fed2563d
78,E07000038,17UJ,North East Derbyshire, ,275671277.367294,154862.089418137,442fe504-e0d9-44d0-a56b-c9f48c510d06
79,E07000039,17UK,South Derbyshire, ,338091616.379494,162433.238305188,a4fc4364-a1de-4f17-ae16-1010e616b03e
80,E07000040,18UB,East Devon, ,814494510.129805,211609.408103248,3a187465-e4dd-48b0-8654-3285c864ab9b
81,E07000041,18UC,Exeter, ,47045334.0684071,46102.1983605541,940a8527-c041-4733-a9c3-8cb2ac2cd3a8
82,E07000042,18UD,Mid Devon, ,912825368.290678,238103.002846644,ebc81d30-7bcd-48af-9ba5-7ba5b0b359c0
83,E07000043,18UE,North Devon, ,1085976907.45736,286370.130677135,b52c474b-5cf1-47b4-9e8e-d573fa1f007a
84,E07000044,18UG,South Hams, ,886563330.267344,433712.943494959,0b57efb4-3717-47d7-b91f-53cfafdd4074
85,E07000045,18UH,Teignbridge, ,673878313.712862,183653.619231006,69956224-9db9-4a5c-806f-729dc22c5a2f
86,E07000046,18UK,Torridge, ,985330977.956676,296130.363233257,a0051896-4f5f-4e26-a06e-d63fe4d8156a
87,E07000047,18UL,West Devon, ,1161044414.00727,237705.349102941,b97be614-5fa0-4070-9ddf-484eca35f57c
88,E07000048,19UC,Christchurch, ,50411443.5391808,61077.7155632483,b67272ca-daa7-4b63-bd27-75866f390976
89,E07000049,19UD,East Dorset, ,354427797.867935,136334.857722813,a4bb6e49-0525-426f-a224-b032afdd8b07
90,E07000050,19UE,North Dorset, ,609266417.947807,155146.146505377,27a40b64-4981-441a-9dd9-501dbdc81430
91,E07000051,19UG,Purbeck, ,404390048.131475,208687.646253801,21d2f1af-06ff-4439-87bf-2ac314f79aa0
92,E07000052,19UH,West Dorset, ,1081584633.87065,277675.474274656,f9b65b1e-5460-40d9-8455-0c1897378c39
93,E07000053,19UJ,Weymouth and Portland, ,41824024.2682648,70808.3620798018,61fa2003-3a9d-4d21-be0c-d9ad1c3430c6
94,E07000061,21UC,Eastbourne, ,44154196.2081718,34443.2136788683,093c91ca-c8ab-4363-b754-5c0f2c92b358
95,E07000062,21UD,Hastings, ,29725814.5946999,32914.9260518122,03779694-a126-4f7a-96e6-1e5df6eef1b2
96,E07000063,21UF,Lewes, ,292070072.151356,163992.130785281,85019066-d2d5-4af4-9491-76e9795a6a53
97,E07000064,21UG,Rother, ,511762494.822941,171911.817371055,3ac3c635-7043-4def-82f3-97b5d165791f
98,E07000065,21UH,Wealden, ,834964271.024017,216164.721976508,a22db868-4a2a-4c98-90cd-9e116e5dbc8b
99,E07000066,22UB,Basildon, ,110012489.57946,69989.646776682,fd168ee1-b25e-496c-b94c-3c06488384bb
100,E07000067,22UC,Braintree, ,611695026.598625,164206.970727721,cab25767-7eb0-446b-baea-1106a5d9b549
101,E07000068,22UD,Brentwood, ,153140714.077042,70298.8692548534,51348184-f999-4d07-8248-9bd62e7be79d
102,E07000069,22UE,Castle Point, ,45033341.6748428,65357.7365548132,b942d170-88ef-4eb6-907c-8bcae43be2ef
103,E07000070,22UF,Chelmsford, ,342254628.521797,121689.210494931,0f2d6f9f-b129-4fc4-b92e-861b173f2a90
104,E07000071,22UG,Colchester, ,333131583.046204,197501.599884583,d47eec03-35fb-45d7-bd07-172e049096f7
105,E07000072,22UH,Epping Forest, ,338970122.853012,120730.179312341,cee8ac8c-7799-47cd-a1b7-60da0e9a93df
106,E07000073,22UJ,Harlow, ,30530207.657135,27880.8009431983,85b915d8-4334-45cf-86f0-f1f356fa4736
107,E07000074,22UK,Maldon, ,358738436.185013,266613.066960954,5a5e0f4a-b70d-49a7-b0b2-95be0fa90f00
108,E07000075,22UL,Rochford, ,169376761.239548,169309.319737624,709a9545-5961-4095-b0bd-a1dbc7c8b013
109,E07000076,22UN,Tendring, ,337675486.38308,216269.426286563,625b2aa0-19bd-48f6-909e-7ae6634fc693
110,E07000077,22UQ,Uttlesford, ,641130051.5662,163603.453048251,e69809b8-cf62-44a8-8e31-66eff276f8ee
111,E07000078,23UB,Cheltenham, ,46591434.3848724,36549.4840185869,5cc54bae-33cc-4728-8a16-f80550889c2f
112,E07000079,23UC,Cotswold, ,1164531384.21705,324244.108519851,4a8ef1dd-7684-48bd-b533-ae23e8971b4a
113,E07000080,23UD,Forest of Dean, ,526498659.628284,184152.164865465,a3333332-9736-413b-b94d-bbd1955182e4
114,E07000081,23UE,Gloucester, ,40542708.581398,32846.1385877131,5c9a8d22-51ae-47cb-8dfe-8a513d2b95ec
115,E07000082,23UF,Stroud, ,460722872.814568,167647.762127495,2a82f404-be65-4c2c-83a8-2ab4f901b9f7
116,E07000083,23UG,Tewkesbury, ,414399414.196236,199897.720024866,80852d01-0bd1-4f70-a9fc-b3a1c28b6d1b
117,E07000084,24UB,Basingstoke and Deane, ,633796028.869965,140486.976421427,03793ca4-7a9e-4883-b2e0-cca7db76c526
118,E07000085,24UC,East Hampshire, ,514432252.129154,141909.017865046,091a1dc0-a9e7-4776-8a92-4a9a43f40e84
119,E07000086,24UD,Eastleigh, ,79786624.5668297,70546.6800252504,21aa1bcc-83a7-458b-86ad-d02abe3eaeba
120,E07000087,24UE,Fareham, ,74267411.922451,62371.0610326966,3302a99c-3ed7-443f-9311-6684ce714bf6
121,E07000088,24UF,Gosport, ,25328371.3200836,37126.8487581001,a1591534-ed89-4bab-8d82-f5964dd073ee
122,E07000089,24UG,Hart, ,215269198.032196,76263.6913545025,65fb821a-901d-479d-9c73-74e83b965a59
123,E07000090,24UH,Havant, ,55341401.689476,91693.882138012,5c7a589d-9b34-4cdd-ada4-edf123cfb899
124,E07000091,24UJ,New Forest, ,753043713.884918,249847.529474867,ac1adf5d-9cd8-4a95-9bf6-af4fc8da1769
125,E07000092,24UL,Rushmoor, ,39049601.4639435,30747.7128307821,c31029d7-60a5-4854-9566-5e44e3c46409
126,E07000093,24UN,Test Valley, ,627601075.091789,185553.342796385,2f6cec4a-c390-4c48-9969-f825bf53a390
127,E07000094,24UP,Winchester, ,660959646.840702,168930.627061984,ee52edb7-4b2d-4ce1-aea3-f0760ad0d2bd
128,E07000095,26UB,Broxbourne, ,51452095.7857895,38474.8001288563,03423ebd-15eb-4c3a-8c48-ca6dfb4a97c7
129,E07000096,26UC,Dacorum, ,212453283.495972,108890.554532754,17f6bcc9-7ac9-4ee2-9c34-80426cec74ff
130,E07000097,26UD,East Hertfordshire, ,475730604.948593,132832.545989519,79dbe2fe-3951-45f4-9184-13ad14003049
131,E07000098,26UE,Hertsmere, ,101155623.454559,60225.8246355231,ec8843d4-3024-400b-a7de-a4343e16f225
132,E07000099,26UF,North Hertfordshire, ,375366901.333694,165920.900855828,ea5cd026-c844-425c-9be4-10cbf45269e5
133,E07000100,26UG,St Albans, ,161206594.028275,71782.2157452275,5e4ac1dc-6091-4cfd-a1f3-0de48a9977c7
134,E07000101,26UH,Stevenage, ,25937491.2468491,28210.8816195738,7413085c-342c-4572-b489-5ac794ed0e6e
135,E07000102,26UJ,Three Rivers, ,88811742.3753204,73178.3046197585,31bac4d4-f8d6-4f83-8c53-1a819c51889b
136,E07000103,26UK,Watford, ,21395455.8785324,25909.3314942822,674923e2-d781-4d66-b659-2e91b19d4c3e
137,E07000104,26UL,Welwyn Hatfield, ,129513120.730934,81008.5150626974,97503597-c844-4d3c-b608-037cdfcb4d71
138,E07000105,29UB,Ashford, ,580583721.133675,146597.818023327,2e3853a8-178f-4953-968b-247fe80b0cbf
139,E07000106,29UC,Canterbury, ,308874519.906265,127894.595370962,1eb9bd49-93ac-4440-835c-4221406d5f70
140,E07000107,29UD,Dartford, ,72765210.6887817,54616.0798223069,154f26c9-b466-4260-a607-282d723fb084
141,E07000108,29UE,Dover, ,315060575.197426,136756.738889876,0b92c0b7-bebb-4249-8e7f-ba942b38c6a9
142,E07000109,29UG,Gravesham, ,99057041.0964279,58916.5803461646,1ed2a626-40c2-44f2-8017-54abab8d1ff5
143,E07000110,29UH,Maidstone, ,393320278.791565,120135.215845147,bfc92146-f0d6-4412-b79e-58937a60d011
144,E07000111,29UK,Sevenoaks, ,370332586.27459,130903.851030866,67b63edb-d88e-4a88-8a50-360c0df4fca6
145,E07000112,29UL,Shepway, ,356719352.28363,145765.01072243,81cb5768-bb64-4724-ba61-9c560cb76c3c
146,E07000113,29UM,Swale, ,373352534.449867,238306.553549776,b2eba381-adae-45d1-8875-3ee4137f4900
147,E07000114,29UN,Thanet, ,103378723.160378,55278.7929123608,4dd36dd6-8277-4bca-a54e-1aae1dbfbd15
148,E07000115,29UP,Tonbridge and Malling, ,240120221.725914,130358.977933512,bdedf39e-9ba3-4efc-8fcd-cfcf802ef127
149,E07000116,29UQ,Tunbridge Wells, ,331306415.60318,145101.135350703,e0d3585f-4500-47be-a9cd-aa9aa6c71c80
150,E07000117,30UD,Burnley, ,110689871.411987,56278.0729682913,da8f86b4-7524-46eb-a5c4-5b14b89a4c3c
151,E07000118,30UE,Chorley, ,202747017.98793,98990.1383201882,2ca78728-e952-4efb-a3c0-0941c33bd67d
152,E07000119,30UF,Fylde, ,165657081.794205,97939.4751291661,1d1b8dbb-eb18-4ea5-91cb-c3bc8a5800f7
153,E07000120,30UG,Hyndburn, ,73004069.8841553,41787.4292994827,8334738e-ddd5-4b91-a4de-cf7749d88794
154,E07000121,30UH,Lancaster, ,575739427.127151,295746.087864865,9b37cb1d-032a-4c8d-857b-c56ea600e1dd
155,E07000122,30UJ,Pendle, ,169373814.237442,77797.7554997832,b6b6acaa-d0b0-4183-8cf8-5caceff2071f
156,E07000123,30UK,Preston, ,142297554.38443,77415.6434003752,9bf11878-f1cf-4d26-976a-0021c862c90b
157,E07000124,30UL,Ribble Valley, ,584451397.802505,147499.714539966,9d3bf467-43e1-4927-8cd6-2224a1bef550
158,E07000125,30UM,Rossendale, ,138019590.108795,70162.3989026221,1cbdfdce-1153-462a-862e-f35aefccda95
159,E07000126,30UN,South Ribble, ,112978770.611938,91454.3592270555,3df90914-6ace-4344-9230-3e8777ae83bf
160,E07000127,30UP,West Lancashire, ,346754243.173103,151171.528604501,aabe46f0-54c0-4fab-b707-b5cc3d3e9d18
161,E07000128,30UQ,Wyre, ,282488099.301193,173896.664287077,5302201c-d7c0-44b4-8d75-8502298b107a
162,E07000129,31UB,Blaby, ,130478317.226646,97753.5618437595,f884f82f-2da8-4fb2-a4fe-f1a884a7fe9b
163,E07000130,31UC,Charnwood, ,279019174.034378,112546.918315114,a1af0854-097e-4291-8354-fda728f1bfd1
164,E07000131,31UD,Harborough, ,592724608.71344,178058.468161261,ee959ae2-e6d6-4165-9ad2-7f13aceb3320
165,E07000132,31UE,Hinckley and Bosworth, ,297359414.005692,108988.305751397,c6d75518-c319-41f0-8615-08514dc1271e
166,E07000133,31UG,Melton, ,481354033.534058,136329.114983989,fe9c5ead-fb92-4a9b-ae4f-92970e15646f
167,E07000134,31UH,North West Leicestershire, ,279327779.283829,113576.653132328,2f2716a2-b725-47b0-b3d0-6d1b8e1a145d
168,E07000135,31UJ,Oadby and Wigston, ,23517258.2701721,30026.0748300645,eaa36e3f-6e13-4bb5-9811-9803891d9e7a
169,E07000136,32UB,Boston, ,361517859.080093,157242.226040751,9643453a-42a4-4ae7-923d-5542b3fedb6e
170,E07000137,32UC,East Lindsey, ,1760184885.02646,328712.440517239,313b50c9-e46c-46eb-895f-83d544ecb116
171,E07000138,32UD,Lincoln, ,35645228.0326385,32705.1994662567,6eb1c683-8e8c-42b1-9672-3c4fe507d8d5
172,E07000139,32UE,North Kesteven, ,922456423.679428,180167.229171045,670d0868-5248-4218-a2ef-8a15e201e001
173,E07000140,32UF,South Holland, ,742291963.696945,193025.1991989,45dd9c51-60a5-4843-8430-da1ce2e5ab5c
174,E07000141,32UG,South Kesteven, ,942606582.842621,206869.836718499,7c0c4dcb-935a-4145-b8ec-1a4642594a24
175,E07000142,32UH,West Lindsey, ,1155675031.96724,246935.802497462,06684939-0828-4cca-893d-2b16e5167988
176,E07000143,33UB,Breckland, ,1305117546.37233,236025.615717384,c1bf2633-b05e-4f30-92c4-2a756e4e650c
177,E07000144,33UC,Broadland, ,552379003.434555,201212.928689226,e0053009-71c5-45dd-8b42-8f9ec1d98597
178,E07000145,33UD,Great Yarmouth, ,174194713.221451,134754.242272465,882cb74c-a35d-43ac-a633-441c84f836ce
179,E07000146,33UE,King's Lynn and West Norfolk, ,1428743548.97163,483656.849794653,608568fa-1c0a-46dd-958c-b524d14c83d5
180,E07000147,33UF,North Norfolk, ,964937372.354004,343916.623114669,277fdaef-b650-403d-9134-69bf577fbf72
181,E07000148,33UG,Norwich, ,39012921.1329498,51306.3131577764,e36bcaaa-6921-414a-a03a-e17d088513f4
182,E07000149,33UH,South Norfolk, ,907625326.754257,253264.782342795,0b7c8647-5e5c-4c19-a079-873d149b1517
183,E07000150,34UB,Corby, ,80278226.9318695,64618.9509659993,11b57826-f7de-4a97-b9f7-df467ba12618
184,E07000151,34UC,Daventry, ,665658694.546173,174692.366315983,27149b6f-2ca4-45f4-a7af-73be2ba5ff79
185,E07000152,34UD,East Northamptonshire, ,509722752.905632,159891.384188927,888c012d-89ae-4915-815d-4657de29d10d
186,E07000153,34UE,Kettering, ,233499975.238182,97173.3120145698,5df4ceb8-a47a-429c-bd2d-c80f18d5bc1f
187,E07000154,34UF,Northampton, ,80717623.7407837,45522.6578491633,efdc0290-1c43-428a-8c8e-91c369af271d
188,E07000155,34UG,South Northamptonshire, ,634065370.366035,218825.713411798,d65d4f8e-83f0-441c-bd12-f8df141111c5
189,E07000156,34UH,Wellingborough, ,163094567.480881,67824.0741460275,ddb0fe51-1808-4502-bffb-8ab94664f584
190,E07000163,36UB,Craven, ,1178928662.78914,197112.513499073,d1adcbe3-64d8-4819-8f50-6a8446d7cbd5
191,E07000164,36UC,Hambleton, ,1311172508.76118,293275.383475906,59fe687b-793d-4f9b-a5b0-e0a707f5ff99
192,E07000165,36UD,Harrogate, ,1309019059.43066,243783.897755646,240d49c6-5e82-4b29-a0c5-399a4239259b
193,E07000166,36UE,Richmondshire, ,1318718883.17587,219126.63861886,c39b34d3-ab13-45ba-b59d-9e867e33077a
194,E07000167,36UF,Ryedale, ,1506626765.53937,244867.617470611,cd95a47a-812f-47d2-b604-613a94271f92
195,E07000168,36UG,Scarborough, ,816613418.80394,236173.525392503,f4f25a4b-efde-44d8-946a-0326cfdb31ff
196,E07000169,36UH,Selby, ,599290224.125107,261849.716688496,d547f722-b3b3-4cbc-bd10-60b9fbbc3573
197,E07000170,37UB,Ashfield, ,109550289.80365,66957.3320987808,1ebcb597-c494-4814-8b26-45408ba1aa3d
198,E07000171,37UC,Bassetlaw, ,637852255.490128,156963.700126623,f72accf6-52a5-4998-a704-8e9e3374ecc4
199,E07000172,37UD,Broxtowe, ,80131010.8837891,64022.8874313092,6a934e97-cbf8-4f1f-bd3d-a5f29c6e78a3
200,E07000173,37UE,Gedling, ,119964731.611206,68669.0723806493,3dd2fbe4-af6c-4e8e-a9de-8040a603298e
201,E07000174,37UF,Mansfield, ,76667342.8437653,50238.2108785665,821db107-98ee-433d-aa72-fb17bfad6883
202,E07000175,37UG,Newark and Sherwood, ,651361111.465179,184336.879489217,403608e6-19d2-4987-8bcb-717f2f36dd51
203,E07000176,37UJ,Rushcliffe, ,409237182.822449,120688.379851369,53bc6b3a-bf00-409e-a1a8-9f5cf9dbef23
204,E07000177,38UB,Cherwell, ,588756209.968895,218926.673161842,d13f7dd5-25f8-40a6-9cde-929cdcbb6889
205,E07000178,38UC,Oxford, ,45613434.2441635,34236.2414403418,8eef3528-73c7-451d-bfe2-28a2c0788b6c
206,E07000179,38UD,South Oxfordshire, ,678445295.317207,201233.75122837,e7801595-bd7e-4cef-8bf3-c5da8d305189
207,E07000180,38UE,Vale of White Horse, ,578679781.957809,170944.027352402,09a2b8e4-6e7e-432d-93ce-d3c9c65b7556
208,E07000181,38UF,West Oxfordshire, ,714407587.682625,155610.895646824,f321efa9-bb2c-4b37-9a35-9142d9ecc68b
209,E07000187,40UB,Mendip, ,739393211.357498,194706.981398976,f3af9469-8dea-4e80-86b1-7c9c0d743647
210,E07000188,40UC,Sedgemoor, ,564365105.389275,238851.814799256,d58c9425-6f7c-4549-aa2c-c15caa3f20a4
211,E07000189,40UD,South Somerset, ,959013964.422649,233940.211734369,add575c2-6682-45e7-bdc1-2ef5535f19aa
212,E07000190,40UE,Taunton Deane, ,462318144.51712,169970.972039125,e98195e1-4e11-40c9-a1f0-bcd08444b34e
213,E07000191,40UF,West Somerset, ,726952336.264584,172465.530026369,4a4eb67e-68f5-41c4-bd3f-57b730f06638
214,E07000192,41UB,Cannock Chase, ,78890810.0339203,49322.9267829513,0a6de32a-bf10-41c7-a9c5-57c7bd40a050
215,E07000193,41UC,East Staffordshire, ,389988008.415352,178801.795108614,986cc77e-a0a7-4ae0-a402-39c68dfb4a55
216,E07000194,41UD,Lichfield, ,331272356.26667,124728.894981044,d35e9f21-3bac-4394-972b-fe159b850c3f
217,E07000195,41UE,Newcastle-under-Lyme, ,210962840.336662,103811.918018183,a1b18b29-3183-4637-a975-3e89a82dbc05
218,E07000196,41UF,South Staffordshire, ,407327779.438889,181219.214475908,dc486633-9dc5-48a5-8287-fd998fd65237
219,E07000197,41UG,Stafford, ,598186620.360344,154173.693640388,de592017-7b08-452b-a153-c83915c3849b
220,E07000198,41UH,Staffordshire Moorlands, ,575825876.602913,146949.663758674,e903c256-0447-450d-b196-b830946a9998
221,E07000199,41UK,Tamworth, ,30855653.8034744,30118.6009732007,2cd201dc-13c7-4ed1-a31c-92368031ed64
222,E07000200,42UB,Babergh, ,595264834.204285,184229.158667366,7528a82b-a0e2-422c-bc40-9909ba4b91c0
223,E07000201,42UC,Forest Heath, ,377759957.33754,144490.490040989,c288e77d-6131-46b6-befe-72a0e405c906
224,E07000202,42UD,Ipswich, ,39429048.5871429,44004.6368068319,77b7d877-8a35-4512-8a28-36c863a19663
225,E07000203,42UE,Mid Suffolk, ,871033695.296066,188005.068589683,288f5f79-dd61-4d61-88e9-08495c27e451
226,E07000204,42UF,St Edmundsbury, ,656960146.251892,200255.059279479,e919ebca-7dd4-4779-ad38-57fd60301b75
227,E07000205,42UG,Suffolk Coastal, ,891638811.144165,377283.86154793,be85ba87-0081-4384-9a7b-fb563fe3bde2
228,E07000206,42UH,Waveney, ,369795459.590286,150140.935855461,d8b9236f-6e12-4040-97ee-0577adcbfed1
229,E07000207,43UB,Elmbridge, ,96322875.6111832,51252.9829403716,55fe7249-f6d9-48a5-b8f3-b92a443635d9
230,E07000208,43UC,Epsom and Ewell, ,34118442.0348969,28203.18902123,467682cf-b325-4aed-918a-23cb71922ed9
231,E07000209,43UD,Guildford, ,270980628.628685,125238.636319508,32b7f551-70d6-452a-8618-bd19d89aa2c7
232,E07000210,43UE,Mole Valley, ,258306860.999214,102754.391088868,69c84509-d712-4a3f-8ca1-7451204db089
233,E07000211,43UF,Reigate and Banstead, ,129129810.533195,77903.5348760018,0f6218d6-0361-4977-b580-a0baf50b30c1
234,E07000212,43UG,Runnymede, ,78053772.478508,44963.4882439648,24a110b2-e9e4-4e82-a5d0-13e2ee718486
235,E07000213,43UH,Spelthorne, ,51159530.1092987,43502.0275972508,5d367a50-63a2-4cac-85f2-7a7ac358709e
236,E07000214,43UJ,Surrey Heath, ,95074533.9826584,52369.0139235637,06fff5f1-53ec-4aa2-b9b6-5961f7557c5e
237,E07000215,43UK,Tandridge, ,248197113.370888,80700.4887845596,b48f1145-3ed0-4067-9ce5-6dcfe6105fea
238,E07000216,43UL,Waverley, ,345185280.518234,122711.781446707,656b981c-e12f-4cbf-86a3-11000a34c023
239,E07000217,43UM,Woking, ,63556728.4758453,52823.2073833061,c7238349-86f4-4651-b28d-747c761bca30
240,E07000218,44UB,North Warwickshire, ,284270631.68927,110994.288733304,80acb2d8-62be-4c8a-ad3c-30bbb115d625
241,E07000219,44UC,Nuneaton and Bedworth, ,78975304.9535828,46974.7792815618,9778cd5f-8467-41fe-a3bf-f5d33d825322
242,E07000220,44UD,Rugby, ,353512482.135582,111706.260345964,f1dbac5a-20bd-460d-a242-3492ac1de72a
243,E07000221,44UE,Stratford-on-Avon, ,977880644.867172,253381.427332338,f03dbf88-abe3-4af7-9edd-d6355165df99
244,E07000222,44UF,Warwick, ,282884578.218651,113434.101844284,918715e2-1253-4765-b15c-7eb2d9171f06
245,E07000223,45UB,Adur, ,41812521.8930206,53342.735887006,2cf756a5-f3a5-4c24-9364-28494e1c25dd
246,E07000224,45UC,Arun, ,220739157.387966,147773.90461636,a9178cd1-862a-455e-ac6f-64b72ed38a9c
247,E07000225,45UD,Chichester, ,786242339.168266,234480.084790718,abce42bc-7883-48e6-b4ee-eae5b0977510
248,E07000226,45UE,Crawley, ,44969477.956337,38035.8784228778,cfb49001-6093-4a6c-b861-4379ed34ea9b
249,E07000227,45UF,Horsham, ,530265204.862015,207657.982139877,0f3ed1a3-815e-4e35-9eec-e8abeb13decf
250,E07000228,45UG,Mid Sussex, ,333996408.352207,129517.254449487,3d05a92d-ab67-4efd-8377-f89a5595c9f3
251,E07000229,45UH,Worthing, ,32466922.5163231,28077.9569824299,28537126-6fde-43d6-80f8-af7ea092b131
252,E07000234,47UB,Bromsgrove, ,217021261.231094,110397.947619674,6a0bda9b-6b61-49fd-b280-e53d4d0730cf
253,E07000235,47UC,Malvern Hills, ,577079248.999214,223516.781820692,bac54324-56b1-4c32-8371-979945e17a80
254,E07000236,47UD,Redditch, ,54263744.9460602,40202.7391355331,bd052d8a-9701-4933-837f-289e5abe3390
255,E07000237,47UE,Worcester, ,33295681.7726135,30432.2993705087,c8290d80-209b-4dd7-bd3b-216e999b653b
256,E07000238,47UF,Wychavon, ,663443352.94175,214568.137000885,624c6022-dbc1-4da0-aa0f-3e46926c068a
257,E07000239,47UG,Wyre Forest, ,195416510.503746,97454.3435481031,252cc253-8d1d-40b9-aa80-e0e78fffab64
258,E08000001,00BL,Bolton, ,139798990.1586,78749.7470961154,de882aa9-fc14-4f0b-ac48-f6ab95461030
259,E08000002,00BM,Bury, ,99500362.0196075,66804.6673978042,eacb998a-c72f-48c0-9669-20dde12be4a4
260,E08000003,00BN,Manchester, ,115557801.980637,83552.050703903,53cd15f6-72b6-4ea9-ae0a-bf676a31c984
261,E08000004,00BP,Oldham, ,142349041.942505,69566.8462637311,f83f11fb-6973-4624-9edc-0019648cd7ea
262,E08000005,00BQ,Rochdale, ,158116007.63382,81137.7916388937,8ece6794-e735-49ed-be89-83947ca60638
263,E08000006,00BR,Salford, ,97179851.5722198,62366.3411224016,a06d6c9a-834a-4f31-95a3-ac83fed0fcc5
264,E08000007,00BS,Stockport, ,126068944.325317,70913.1331707296,5314ddbd-5878-404e-8823-5e0df1f6562c
265,E08000008,00BT,Tameside, ,103163027.282547,53977.7714064792,9134f490-65d8-4089-b013-258f9e5046ee
266,E08000009,00BU,Trafford, ,106008615.84346,59041.5827895424,aae5c0c9-7826-4920-93d0-e1f49a66b3f5
267,E08000010,00BW,Wigan, ,188174398.594849,84942.0845676535,05cf1a11-065e-436b-9f7b-f0087f1b75ae
268,E08000011,00BX,Knowsley, ,86553758.4816895,66762.091587411,1f91eb35-0740-4e21-b381-efd2d0394d69
269,E08000012,00BY,Liverpool, ,111811267.31543,61185.1273885303,38534062-df03-4e34-b15f-653c2e14c1fd
270,E08000013,00BZ,St. Helens, ,136427599.192497,74953.6465718894,d94b1d2b-c797-4343-8d28-1ea9e20b5793
271,E08000014,00CA,Sefton, ,153098375.936493,111401.210353717,b0894151-f170-406e-bd61-70c689c74fb0
272,E08000015,00CB,Wirral, ,157061952.101181,73154.9020090693,6ab0fd75-96b2-4741-9fcc-5e4b785c6e91
273,E08000016,00CC,Barnsley, ,329129296.841415,123294.590983168,44729fb8-56fc-4212-9723-138a2a21460f
274,E08000017,00CE,Doncaster, ,568018192.177185,168206.793836693,c0a77e43-7c2e-473b-bd39-74fb6dc738d9
275,E08000018,00CF,Rotherham, ,286491517.646988,103478.637641108,6c27432e-4c4c-4462-8123-d320e2ac30c8
276,E08000019,00CG,Sheffield, ,367891603.895737,129149.934167439,676622c5-82c0-4e96-84b4-f969690a54d6
277,E08000020,00CH,Gateshead, ,142349091.894318,87075.6757874656,84cea4ea-5b3a-47bb-be91-1e89cfc9002b
278,E08000021,00CJ,Newcastle upon Tyne, ,113433050.684952,64438.3651305644,74633cf7-8a82-4d78-8444-6c1f911fb7b6
279,E08000022,00CK,North Tyneside, ,82356821.3288574,60841.5731088445,805f1958-ff97-4fdd-bb3d-f6a780f21680
280,E08000023,00CL,South Tyneside, ,64454305.1910553,47649.6852219829,3c00ea96-ea72-4be3-b470-7a0ae1a33bc4
281,E08000024,00CM,Sunderland, ,137392603.436295,97332.2077930082,cabc4f80-59bc-4c4f-a5ba-678e515c4e13
282,E08000025,00CN,Birmingham, ,267782358.577095,104149.138028173,0f26c124-cddb-4807-8fc5-a0383ada6dc6
283,E08000026,00CQ,Coventry, ,98628297.4860992,53030.7005724134,fff4ff29-7e6d-4536-a397-10c54e2e96e2
284,E08000027,00CR,Dudley, ,97947784.9139862,72677.4261218737,5a847952-dbfe-488e-9665-8b5e2a0f65e7
285,E08000028,00CS,Sandwell, ,85579754.0030746,57851.0943908282,0b6bd3d5-e9cc-4bcc-a766-a7176723d752
286,E08000029,00CT,Solihull, ,178280433.732811,98800.701385642,b0504bf0-8b7e-4314-8c58-7138dae3f4be
287,E08000030,00CU,Walsall, ,103973212.218788,58532.3163249005,a95b7810-2007-4de7-b235-956b584f3826
288,E08000031,00CW,Wolverhampton, ,69438503.1885986,54791.4073511569,dc806147-8ba5-4aa3-9e44-f8ec3ca9c805
289,E08000032,00CX,Bradford, ,366392354.933411,131298.747437019,d272054e-1fbe-4022-9160-77dac51bdca0
290,E08000033,00CY,Calderdale, ,363946172.091629,105331.594045269,507656c6-7dce-4aac-8763-16bc6efa51ee
291,E08000034,00CZ,Kirklees, ,408514851.030945,120995.248499224,277e80cd-6dd5-4d96-abde-fdc105a59840
292,E08000035,00DA,Leeds, ,551811857.231796,156254.246120436,32b80d60-6753-45a3-9d28-7423d420cac4
293,E08000036,00DB,Wakefield, ,338575804.994705,105602.263383671,eb4e31f1-d328-4b0d-b60c-ea580f3017b1
294,E09000001,00AA,City of London, ,2899270.29686737,8933.42782886671,6c7f2cc4-85c0-4e24-b420-0cc46367000b
295,E09000002,00AB,Barking and Dagenham, ,36108156.5009995,39734.2290214315,a747b47a-1671-4def-b497-8114ab1c6aab
296,E09000003,00AC,Barnet, ,86799659.4287109,49775.99416931,2cfd3ae9-e353-4d07-9a2c-e9a9a0a55f20
297,E09000004,00AD,Bexley, ,60597485.5141068,43909.8158847743,eb824e77-cee4-4100-b846-952d1b9de5c6
298,E09000005,00AE,Brent, ,43223361.4713135,37664.1804711846,51ff734b-5aa6-46a9-ab6e-037893455423
299,E09000006,00AF,Bromley, ,150125589.290421,74644.7918100799,d0d59b6a-d270-49a6-9dc8-ca9cb89510ed
300,E09000007,00AG,Camden, ,21807901.0501099,25858.7463941327,4e3b64a8-2bbf-4056-8930-6352308d0d90
301,E09000008,00AH,Croydon, ,86538334.0546188,57481.6479592049,61dd49ce-26d4-4c5f-833e-aa8921a9fd1d
302,E09000009,00AJ,Ealing, ,55538908.8516388,46679.0030348167,32608900-06d4-4795-be8b-51207a4db0aa
303,E09000010,00AK,Enfield, ,82165250.1099701,40461.4995037852,3dca1a76-716e-486b-af08-17516a885d46
304,E09000011,00AL,Greenwich, ,47305271.9007492,46456.2564849313,e76fe7fc-b42f-4e1d-abea-cb79f86acdeb
305,E09000012,00AM,Hackney, ,19056561.7181091,24983.0023132821,ce1e743f-cb62-45c5-be85-01cd995dc69b
306,E09000013,00AN,Hammersmith and Fulham, ,16383228.1947098,23445.6016265023,53317b6c-3159-4f9f-8464-0cf053421132
307,E09000014,00AP,Haringey, ,29603910.9591446,28379.5782720256,53763008-cf14-40e2-9c5d-ebb5b01b7d1d
308,E09000015,00AQ,Harrow, ,50443488.8416138,33265.5993004505,6958a6f2-50f0-4755-9382-f01a727fb135
309,E09000016,00AR,Havering, ,112341850.764359,62366.9239189345,d9e075fe-efcc-4a86-b103-837ef30e69da
310,E09000017,00AS,Hillingdon, ,115725570.443932,62384.9802720884,18dc8c88-6100-4de4-8d72-932ac7c7d358
311,E09000018,00AT,Hounslow, ,55972850.0223083,60002.6556611355,e1cecd36-83e1-4f53-ab52-87d2b29c5056
312,E09000019,00AU,Islington, ,14832962.9280396,20468.6766277738,ce77a142-dc78-42cf-a318-76f504df1783
313,E09000020,00AW,Kensington and Chelsea, ,12135350.6479492,20705.1295164441,e2f0d3e5-1242-412d-b842-b086d5e78bcc
314,E09000021,00AX,Kingston upon Thames, ,37275524.1452637,37076.2266097783,2146d6ea-2cd0-4dd9-98ea-d768dc1ee669
315,E09000022,00AY,Lambeth, ,26797942.8061066,33304.3530842731,f79c2c2b-b83f-45ae-92d8-a54847fc9f12
316,E09000023,00AZ,Lewisham, ,35187659.1607056,40157.6475505042,e7360685-101f-47c6-b586-5760b682c6a7
317,E09000024,00BA,Merton, ,37626760.3102417,31730.3352108187,9c208668-10b2-47db-87f7-87525e695bb2
318,E09000025,00BB,Newham, ,36196786.5932159,33985.9334340702,07b64451-6655-467d-af57-d22ebce0ef21
319,E09000026,00BC,Redbridge, ,56411334.7085724,47714.836265791,55180dbd-3731-4cab-8221-75efcc659c66
320,E09000027,00BD,Richmond upon Thames, ,57367459.5139008,66467.1234440093,ee5820f3-3799-4c88-a5f9-e2496da64d59
321,E09000028,00BE,Southwark, ,28845561.6535187,33260.1650210949,60f671b7-99f0-4a96-979e-70967944b2fd
322,E09000029,00BF,Sutton, ,43834796.4314041,39107.2405928189,15685149-e32d-4d4e-bc0a-cf6a4130a1ec
323,E09000030,00BG,Tower Hamlets, ,19771465.254097,27475.6043609522,76f0138d-20cf-4a4f-96e8-1a649cec36d6
324,E09000031,00BH,Waltham Forest, ,38822002.8661041,32617.1543275522,48e414d7-8c6b-4686-b04c-271f8f047382
325,E09000032,00BJ,Wandsworth, ,34269834.1038361,37889.0213978216,ea69dfa0-c19b-4ea7-b448-9afea7a25e65
326,E09000033,00BK,Westminster, ,21460548.927597,26885.3683170591,817ec845-b8e7-40cb-9c6c-5161e35a097d
327,S12000005,00QF,Clackmannanshire, ,158655663.667175,86809.8642213296,b8d83e81-c7c5-4128-b887-c434fa178613
328,S12000006,00QH,Dumfries & Galloway, ,6437025774.62453,1042578.76002297,98fd6e35-3836-442d-bb81-5f243287584b
329,S12000008,00QK,East Ayrshire, ,1270379845.19756,330667.148893542,f01f77a2-80cb-4bb6-9f70-3575abfe4c47
330,S12000010,00QM,East Lothian, ,679256967.200714,191038.691475112,14bbe520-0401-47f3-874f-760a69790eae
331,S12000011,00QN,East Renfrewshire, ,173802807.817245,92795.7478989525,ed5911fd-171d-46d1-8af2-aa6a40bce34e
332,S12000013,00RJ,Eilean Siar, ,3097360108.95926,3430517.93421314,6ff3ba4b-9125-4c99-8b38-a034dbe00c2d
333,S12000014,00QQ,Falkirk, ,297320714.741379,140591.390491458,7ce7e7f9-8ddf-4782-b863-6ee4861024ef
334,S12000015,00QR,Fife, ,1325172087.76054,326801.73337552,e44ea3a8-954d-429a-a983-9175a00d0956
335,S12000017,00QT,Highland, ,26161069853.5211,4776001.12657417,032090a9-7418-421f-83ac-00ddee4ab17b
336,S12000018,00QU,Inverclyde, ,161916301.694351,76608.6079368998,377019cb-19d8-42b7-945c-c4c7f2fe8c6d
337,S12000019,00QW,Midlothian, ,355274351.592438,124091.462349436,ffa60624-2cfe-4755-8b95-b6879b6f0d8c
338,S12000020,00QX,Moray, ,2237747765.13844,421898.507241279,ceb38ac4-a770-4bcb-b364-b4b8c8922600
339,S12000021,00QY,North Ayrshire, ,885439156.364799,330529.969939299,f5546c35-d79d-4692-b201-0a7e7180da16
340,S12000023,00RA,Orkney Islands, ,1013929722.83047,1107179.1531701,27b48657-5dd4-437a-8222-21fbb55a55af
341,S12000024,00RB,Perth & Kinross, ,5383628853.25598,610045.284682313,66ebf5ae-c383-46ce-bcf0-ecc7c37fe611
342,S12000026,00QE,Scottish Borders, ,4739137090.91272,499496.895755703,7e65c981-6029-424c-b30c-0443d0f8a18f
343,S12000027,00RD,Shetland Islands, ,1467214821.55115,2066582.65224549,b9bd0e1b-1e69-4abd-868b-501d870ba87e
344,S12000028,00RE,South Ayrshire, ,1224059397.35711,314460.241166716,7d7f20c3-77b4-4d4f-addd-428b8beb8ed8
345,S12000029,00RF,South Lanarkshire, ,1773931909.61568,279646.697221665,57947660-5b98-4c3c-9616-47a95ffd363d
346,S12000030,00RG,Stirling, ,2253465644.30797,334752.469527822,615054fe-6ad6-4856-a907-a6a6f24b3f4a
347,S12000033,00QA,Aberdeen City, ,185707660.411224,120753.080028985,9a3a7973-f33c-4ec9-a7fa-55c9f27c4bcf
348,S12000034,00QB,Aberdeenshire, ,6317991564.10786,755284.300812517,da94df6b-9bc6-4e4c-be5d-4e29a51cedf1
349,S12000035,00QD,Argyll & Bute, ,7007016952.40117,3463828.40820007,5584e1e7-2db0-4fa0-b09e-7c7bf94e1095
350,S12000036,00QP,"Edinburgh, City of", ,263294830.038528,104581.298156426,26d4e6c1-c69b-4723-a75a-69995c25b31b
351,S12000038,00RC,Renfrewshire, ,261912097.381851,128944.459090377,53d62af0-7fed-4207-89f6-30451be4de3a
352,S12000039,00QG,West Dunbartonshire, ,177271192.378876,97212.4292386739,710bd57f-c0be-49c6-aaf5-30975a8027f7
353,S12000040,00RH,West Lothian, ,428827688.472702,131691.484834336,5171d9c4-a7e7-406c-ad4e-9a4f08653800
354,S12000041,00QC,Angus, ,2185319811.68575,309723.609791571,a3add76a-0e41-404d-9cb6-1b241a7eecf7
355,S12000042,00QJ,Dundee City, ,59832949.0101318,46133.3255417473,874a797e-1996-430e-9980-c5e9a827f9ed
356,S12000044,00QZ,North Lanarkshire, ,472263896.985764,160541.572799313,0feaf923-0f59-4450-9f92-68da18520165
357,S12000045,00QL,East Dunbartonshire, ,174473592.907806,97617.4351696594,59d02098-3661-454a-9160-b08c4833cedf
358,S12000046,00QS,Glasgow City, ,174695706.529114,132546.635186252,95c1102e-5613-4a84-aefd-d887581b3a2e
359,W06000001,00NA,Isle of Anglesey,Ynys Mon,714471004.4459,331483.372271106,3539f467-09a2-4e41-9642-ddc626eb4d1e
360,W06000002,00NC,Gwynedd,Gwynedd,2548306232.28855,557135.437238478,f842fc50-91c5-4064-a34e-c57a010fba27
361,W06000003,00NE,Conwy,Conwy,1130265606.71527,267418.016060964,ed25b94d-8d17-4062-beaa-5acf51f5b6b9
362,W06000004,00NG,Denbighshire,Sir Ddinbych,838455078.895576,223501.318961722,7e7f693e-6249-4bb6-aa7f-459e93093b1c
363,W06000005,00NJ,Flintshire,Sir y Fflint,437537769.956474,192818.541994659,07a31936-eec8-4408-9f03-b7f201b6f57d
364,W06000006,00NL,Wrexham,Wrecsam,503703371.540649,183453.326334787,d4dfd4b1-34f0-49a8-85c9-b5283ed8b5cc
365,W06000008,00NQ,Ceredigion,Ceredigion,1789044146.3292,356593.553257281,a2a182cd-4fc1-4bd1-b7c8-75e2457c38f0
366,W06000009,00NS,Pembrokeshire,Sir Benfro,1618696929.37595,658603.70640013,30dbbb54-c0b9-4247-aa46-1572bd6e29ee
367,W06000010,00NU,Carmarthenshire,Sir Gaerfyrddin,2371110903.75106,537578.891205034,07a213ea-9d45-4305-9006-b1ac92a48dba
368,W06000011,00NX,Swansea,Abertawe,379668950.809509,235694.452725309,2927a7bc-02be-4f42-98d6-cca993d32f79
369,W06000012,00NZ,Neath Port Talbot,Castell-nedd Port Talbot,442286609.972279,167859.376510251,aeaf9681-60e8-4a0a-bdfb-db211ba361b9
370,W06000013,00PB,Bridgend,Pen-y-bont ar Ogwr,250773569.324932,87202.1050360477,84253df6-f866-4f2d-a4df-cba7175b5125
371,W06000014,00PD,The Vale of Glamorgan,Bro Morgannwg,330944954.481956,104342.490881847,9f3b8743-033f-4f4d-9986-315f916062d6
372,W06000015,00PT,Cardiff,Caerdydd,140424312.367184,89092.0159769211,1f99eed7-ff77-4498-a0b1-ff0dbac527ed
373,W06000016,00PF,Rhondda Cynon Taf,Rhondda Cynon Taf,424173135.361275,126623.638174648,446a8d4d-e6cf-4167-a85a-e390c3bb662c
374,W06000018,00PK,Caerphilly,Caerffili,277384205.577991,113479.744653896,79868831-7d48-49cb-92fb-308d6e80fe25
375,W06000019,00PL,Blaenau Gwent,Blaenau Gwent,108755174.112614,64568.5815708758,8d84f879-bcf2-47b8-b1bf-2112ff982fb2
376,W06000020,00PM,Torfaen,Tor-faen,126192738.489788,78799.5221165597,5e06c145-d4ab-4676-8538-10292d152cef
377,W06000021,00PP,Monmouthshire,Sir Fynwy,850302551.342976,217940.993032184,f2785dc8-c560-4358-b5eb-2b198cd508ba
378,W06000022,00PR,Newport,Casnewydd,190487980.159904,148254.018050882,ef21d7fb-4e2d-465e-af28-b8f84e22ea86
379,W06000023,00NN,Powys,Powys,5195223311.48782,587957.341302298,f1487c80-ffed-4c42-81ab-247292847423
380,W06000024,00PH,Merthyr Tydfil,Merthyr Tudful,111903550.041801,65128.5550672897,86a1a623-83f5-47ee-b214-baf369a08024
